{
  "cacheBootResources": true,
  "config": [ ],
  "debugBuild": false,
  "entryAssembly": "MappingsSquad",
  "linkerEnabled": true,
  "resources": {
    "assembly": {
      "Blazored.SessionStorage.dll": "sha256-0X+\/66WGo\/efGoJmraBz1gpFSaycl4IttpYy0Bo6gpo=",
      "BlazorInputFile.dll": "sha256-RjWbDFCNJKESSAdoOrrpjjA4HimQW4G3FMBg5bBsrZs=",
      "EPPlus.dll": "sha256-fUE0dhUtpajXXd8OnUoTPtjiPZCfx9ahThS4rqQXkPE=",
      "MappingsSquad.dll": "sha256-nJhdSYhFWgYxZ3uuvty7yQcYXAHiSL+qAqJBk7jmLDM=",
      "Microsoft.AspNetCore.Components.dll": "sha256-StvFdN\/A16Xrdxc0htDd2lwOOo0wkjCfg14RfXeJOjw=",
      "Microsoft.AspNetCore.Components.Forms.dll": "sha256-1ba2c8xjpip\/9\/tzmfcjs1OtnOkIuueInn5rcuiLuYg=",
      "Microsoft.AspNetCore.Components.Web.dll": "sha256-ljbv\/Cf1Bx2CM\/3INnAXc0dhQkbsaVD+3zug4cDAvvE=",
      "Microsoft.AspNetCore.Components.WebAssembly.dll": "sha256-aYLqznePRTIIOMnAPn0ehRa7K51xJj4WgyMm\/2AYksE=",
      "Microsoft.Bcl.AsyncInterfaces.dll": "sha256-jzHgXWAvWMkKIGFjZoT84tbe72E+H7CvTr\/Dryh4QPs=",
      "Microsoft.Extensions.Configuration.Abstractions.dll": "sha256-JjAMMfN9r5uwEEewgQXJvJ58JwK4CczK32oD1iMKXwM=",
      "Microsoft.Extensions.Configuration.dll": "sha256-dwCSB5JntrBSypWzMc+\/ahaRukl0ErwoVvzaAXXIZU8=",
      "Microsoft.Extensions.Configuration.FileExtensions.dll": "sha256-BwmaHeO6cCKb21poXIJIbkymDPYmjr2+7jhIlujOyb0=",
      "Microsoft.Extensions.Configuration.Json.dll": "sha256-7t0odWenjnDyaNLK3RRCiLqidlYFtmJm03S7Anezbfo=",
      "Microsoft.Extensions.DependencyInjection.Abstractions.dll": "sha256-xGblkgmt5jglU3a6\/X3zUbUzZF3cJodToaTKcyO8KEU=",
      "Microsoft.Extensions.DependencyInjection.dll": "sha256-wjTbZmhIgFIY98uI3hKn72T69D3lfmJvEmyLKxwOMOw=",
      "Microsoft.Extensions.FileProviders.Abstractions.dll": "sha256-p3V\/d1cmKL9upRNbA2y2hb5yThPHtYyrHa0Im1EcbH4=",
      "Microsoft.Extensions.FileProviders.Physical.dll": "sha256-18OEyORCxOaN2adfDKQ0LK17ND1Fmf5AmawB9lykXFE=",
      "Microsoft.Extensions.FileSystemGlobbing.dll": "sha256-xIL7oMLZrKZK85k0EBzv7TMcDGOinTen5D14Iyjl90I=",
      "Microsoft.Extensions.Logging.Abstractions.dll": "sha256-ybhsJu2pkoe1MUPDSKFkFwdGJrFvGyb7vxpYpor0thw=",
      "Microsoft.Extensions.Logging.dll": "sha256-Q0VxnpnmiRDs8y\/kyRFzpmJb3aOYq7FdtYK5ZNHQcCo=",
      "Microsoft.Extensions.Options.dll": "sha256-tS1RfxUc1g8fv8\/rI6bpvFBmx8\/ElITVPZ1YCwh9M6Y=",
      "Microsoft.Extensions.Primitives.dll": "sha256-FluNWj4JUo\/Mn2uoUw6Te3rVhWRCRSSZGSvhIcTNzGc=",
      "Microsoft.JSInterop.dll": "sha256-3cbvJEo8k8VJVQwyEZWWQ6yGRFQW8\/219DaOnmsX3e4=",
      "Microsoft.JSInterop.WebAssembly.dll": "sha256-zV\/OfJNfNsG404X30Pwkdymdh1KmZpTVEmG\/JNFVc\/k=",
      "Mono.Security.dll": "sha256-h13CMrLha+ONVKLgYGbHLBYkdh0Z35ngM88\/f38fer8=",
      "mscorlib.dll": "sha256-rJVYG1icWruE9WUB4nsSCVji2wJ4sErsvNSpd+\/37TA=",
      "Newtonsoft.Json.dll": "sha256-8+aWlQshkso8ei8xp5J0gn4ZNGRYRMqXzI+osKzgVYI=",
      "System.Core.dll": "sha256-NO4ppDgB+VFepy\/5na6w3\/g0L6\/UM\/G1nPkSIyajsGk=",
      "System.Data.dll": "sha256-IItIxMScIC1CYNlDnuf69Z5BJ0UdD6nX+z1PPCBHkLM=",
      "System.dll": "sha256-VTtt6fnKYO\/hGznzZsAfLs0HDy33xxEX8iqKMFW5kHg=",
      "System.Drawing.Common.dll": "sha256-LLvWiL8XAwj3qWekUPEGm3HiJbH91DAnLsrUuCTZbTI=",
      "System.Net.Http.dll": "sha256-UT5aU0EkhnaUj6ErBvup7orB5SYa3Dxp1qWEzQ3zU8c=",
      "System.Net.Http.Json.dll": "sha256-UyiNwy1nbtAvgNV8SHG\/ZxD3ZxuiMHfYt2AELsryTAg=",
      "System.Net.Http.WebAssemblyHttpHandler.dll": "sha256-4ARBkgbVIldTK61jYY1duo3l3Kzk2knbjpxRGzXPW+4=",
      "System.Numerics.dll": "sha256-g47aAdLdGtVTxa8S\/w+4v94PxnjANPfEx8NQzXuD0vA=",
      "System.Runtime.CompilerServices.Unsafe.dll": "sha256-jjfgkK1V7Nds5U34FNkc21NxmRu3a\/obfoc0JB2\/HE0=",
      "System.Runtime.Serialization.dll": "sha256-YbTh7KL7BHyiehMp1tcwwfs6CeC8\/ZekxWFVWeJVNz8=",
      "System.Security.dll": "sha256-Yi28G9hZyXBiEGTKQH95KKbsS16Uxuc5mEOzuosvxDY=",
      "System.Text.Encoding.CodePages.dll": "sha256-dXMekO9AWtpSrSfieMUaIier4iAoxo\/8ocXxh1+Szbw=",
      "System.Text.Encodings.Web.dll": "sha256-5+sTuxYBejAtrv3DGvb80AubXR+27jreNotBM9AVwwE=",
      "System.Text.Json.dll": "sha256-ureQnwViZCMBL6iBunS90+qaSaN1ep3IaSLUGAg4Mdg=",
      "System.Xml.dll": "sha256-QIHZ1ixximiOUKuMJlouN\/Ux2\/wF38o4yE1BFZD6j6g=",
      "System.Xml.Linq.dll": "sha256-FrCRy1gsKUOWIc9RxtK\/fFuiC9w32RFs2XQoNwgH13g=",
      "WebAssembly.Bindings.dll": "sha256-fRSzzsu1Sb+w9vfpQf8YZwhFNyyK\/RMb00Jc9kNd4EI="
    },
    "pdb": null,
    "runtime": {
      "dotnet.3.2.0.js": "sha256-mPoqx7XczFHBWk3gRNn0hc9ekG1OvkKY4XiKRY5Mj5U=",
      "dotnet.timezones.dat": "sha256-3S0qzYaBEKOBXarzVLNzNAFXlwJr6nI3lFlYUpQTPH8=",
      "dotnet.wasm": "sha256-UC\/3Rm1NkdNdlIrzYARo+dO\/HDlS5mhPxo0IQv7kma8="
    },
    "satelliteResources": null
  }
}